,result,table,_start,_stop,_time,_value,_field,_measurement,fw_version,kex_algo,node
,_result,0,2026-07-20T23:00:00Z,2026-07-21T23:15:00Z,2026-07-20T23:04:06.746782216Z,630,hs_latency_ms,telemetry_handshake,1.1.0-KN-ASCON128,Kyber768,DCB4D90A0578
,_result,0,2026-07-20T23:00:00Z,2026-07-21T23:15:00Z,2026-07-20T23:04:06.769157999Z,630,hs_latency_ms,telemetry_handshake,1.1.0-KN-ASCON128,Kyber768,DCB4D90A0578
,_result,0,2026-07-20T23:00:00Z,2026-07-21T23:15:00Z,2026-07-21T00:04:07.196361069Z,830,hs_latency_ms,telemetry_handshake,1.1.0-KN-ASCON128,Kyber768,DCB4D90A0578
,_result,0,2026-07-20T23:00:00Z,2026-07-21T23:15:00Z,2026-07-21T00:04:07.223698568Z,830,hs_latency_ms,telemetry_handshake,1.1.0-KN-ASCON128,Kyber768,DCB4D90A0578
,_result,0,2026-07-20T23:00:00Z,2026-07-21T23:15:00Z,2026-07-21T01:04:08.36228919Z,919,hs_latency_ms,telemetry_handshake,1.1.0-KN-ASCON128,Kyber768,DCB4D90A0578
,_result,0,2026-07-20T23:00:00Z,2026-07-21T23:15:00Z,2026-07-21T01:04:08.392603408Z,919,hs_latency_ms,telemetry_handshake,1.1.0-KN-ASCON128,Kyber768,DCB4D90A0578
,_result,0,2026-07-20T23:00:00Z,2026-07-21T23:15:00Z,2026-07-21T02:04:08.702764085Z,525,hs_latency_ms,telemetry_handshake,1.1.0-KN-ASCON128,Kyber768,DCB4D90A0578
,_result,0,2026-07-20T23:00:00Z,2026-07-21T23:15:00Z,2026-07-21T02:04:08.724115294Z,525,hs_latency_ms,telemetry_handshake,1.1.0-KN-ASCON128,Kyber768,DCB4D90A0578
,_result,0,2026-07-20T23:00:00Z,2026-07-21T23:15:00Z,2026-07-21T03:04:09.510187433Z,754,hs_latency_ms,telemetry_handshake,1.1.0-KN-ASCON128,Kyber768,DCB4D90A0578
,_result,0,2026-07-20T23:00:00Z,2026-07-21T23:15:00Z,2026-07-21T03:04:09.536398923Z,754,hs_latency_ms,telemetry_handshake,1.1.0-KN-ASCON128,Kyber768,DCB4D90A0578
,_result,0,2026-07-20T23:00:00Z,2026-07-21T23:15:00Z,2026-07-21T04:04:13.994022283Z,992,hs_latency_ms,telemetry_handshake,1.1.0-KN-ASCON128,Kyber768,DCB4D90A0578
,_result,0,2026-07-20T23:00:00Z,2026-07-21T23:15:00Z,2026-07-21T04:04:14.020436721Z,992,hs_latency_ms,telemetry_handshake,1.1.0-KN-ASCON128,Kyber768,DCB4D90A0578
,_result,0,2026-07-20T23:00:00Z,2026-07-21T23:15:00Z,2026-07-21T05:04:15.173274895Z,5056,hs_latency_ms,telemetry_handshake,1.1.0-KN-ASCON128,Kyber768,DCB4D90A0578
,_result,0,2026-07-20T23:00:00Z,2026-07-21T23:15:00Z,2026-07-21T05:04:15.198615994Z,5056,hs_latency_ms,telemetry_handshake,1.1.0-KN-ASCON128,Kyber768,DCB4D90A0578
,_result,0,2026-07-20T23:00:00Z,2026-07-21T23:15:00Z,2026-07-21T07:04:18.140467112Z,839,hs_latency_ms,telemetry_handshake,1.1.0-KN-ASCON128,Kyber768,DCB4D90A0578
,_result,0,2026-07-20T23:00:00Z,2026-07-21T23:15:00Z,2026-07-21T07:04:18.159452266Z,839,hs_latency_ms,telemetry_handshake,1.1.0-KN-ASCON128,Kyber768,DCB4D90A0578
,_result,0,2026-07-20T23:00:00Z,2026-07-21T23:15:00Z,2026-07-21T08:04:19.411319206Z,929,hs_latency_ms,telemetry_handshake,1.1.0-KN-ASCON128,Kyber768,DCB4D90A0578
,_result,0,2026-07-20T23:00:00Z,2026-07-21T23:15:00Z,2026-07-21T08:04:19.433248382Z,929,hs_latency_ms,telemetry_handshake,1.1.0-KN-ASCON128,Kyber768,DCB4D90A0578
,_result,0,2026-07-20T23:00:00Z,2026-07-21T23:15:00Z,2026-07-21T09:04:19.563492329Z,657,hs_latency_ms,telemetry_handshake,1.1.0-KN-ASCON128,Kyber768,DCB4D90A0578
,_result,0,2026-07-20T23:00:00Z,2026-07-21T23:15:00Z,2026-07-21T09:04:19.585078598Z,657,hs_latency_ms,telemetry_handshake,1.1.0-KN-ASCON128,Kyber768,DCB4D90A0578
,_result,0,2026-07-20T23:00:00Z,2026-07-21T23:15:00Z,2026-07-21T10:04:19.901814507Z,691,hs_latency_ms,telemetry_handshake,1.1.0-KN-ASCON128,Kyber768,DCB4D90A0578
,_result,0,2026-07-20T23:00:00Z,2026-07-21T23:15:00Z,2026-07-21T10:04:19.924226809Z,691,hs_latency_ms,telemetry_handshake,1.1.0-KN-ASCON128,Kyber768,DCB4D90A0578
,_result,0,2026-07-20T23:00:00Z,2026-07-21T23:15:00Z,2026-07-21T11:04:20.578779922Z,741,hs_latency_ms,telemetry_handshake,1.1.0-KN-ASCON128,Kyber768,DCB4D90A0578
,_result,0,2026-07-20T23:00:00Z,2026-07-21T23:15:00Z,2026-07-21T11:04:20.598040033Z,741,hs_latency_ms,telemetry_handshake,1.1.0-KN-ASCON128,Kyber768,DCB4D90A0578
,_result,0,2026-07-20T23:00:00Z,2026-07-21T23:15:00Z,2026-07-21T12:04:21.633028857Z,533,hs_latency_ms,telemetry_handshake,1.1.0-KN-ASCON128,Kyber768,DCB4D90A0578
,_result,0,2026-07-20T23:00:00Z,2026-07-21T23:15:00Z,2026-07-21T12:04:21.665390027Z,533,hs_latency_ms,telemetry_handshake,1.1.0-KN-ASCON128,Kyber768,DCB4D90A0578
,_result,0,2026-07-20T23:00:00Z,2026-07-21T23:15:00Z,2026-07-21T13:04:22.101608594Z,892,hs_latency_ms,telemetry_handshake,1.1.0-KN-ASCON128,Kyber768,DCB4D90A0578
,_result,0,2026-07-20T23:00:00Z,2026-07-21T23:15:00Z,2026-07-21T13:04:22.124539265Z,892,hs_latency_ms,telemetry_handshake,1.1.0-KN-ASCON128,Kyber768,DCB4D90A0578
,_result,0,2026-07-20T23:00:00Z,2026-07-21T23:15:00Z,2026-07-21T14:04:23.103026329Z,795,hs_latency_ms,telemetry_handshake,1.1.0-KN-ASCON128,Kyber768,DCB4D90A0578
,_result,0,2026-07-20T23:00:00Z,2026-07-21T23:15:00Z,2026-07-21T14:04:23.128435936Z,795,hs_latency_ms,telemetry_handshake,1.1.0-KN-ASCON128,Kyber768,DCB4D90A0578
,_result,0,2026-07-20T23:00:00Z,2026-07-21T23:15:00Z,2026-07-21T15:04:23.441932465Z,675,hs_latency_ms,telemetry_handshake,1.1.0-KN-ASCON128,Kyber768,DCB4D90A0578
,_result,0,2026-07-20T23:00:00Z,2026-07-21T23:15:00Z,2026-07-21T15:04:23.463083599Z,675,hs_latency_ms,telemetry_handshake,1.1.0-KN-ASCON128,Kyber768,DCB4D90A0578
,_result,0,2026-07-20T23:00:00Z,2026-07-21T23:15:00Z,2026-07-21T16:04:24.293419066Z,899,hs_latency_ms,telemetry_handshake,1.1.0-KN-ASCON128,Kyber768,DCB4D90A0578
,_result,0,2026-07-20T23:00:00Z,2026-07-21T23:15:00Z,2026-07-21T16:04:24.314785955Z,899,hs_latency_ms,telemetry_handshake,1.1.0-KN-ASCON128,Kyber768,DCB4D90A0578
,_result,0,2026-07-20T23:00:00Z,2026-07-21T23:15:00Z,2026-07-21T19:47:37.87200781Z,791,hs_latency_ms,telemetry_handshake,1.1.0-KN-ASCON128,Kyber768,DCB4D90A0578
,_result,0,2026-07-20T23:00:00Z,2026-07-21T23:15:00Z,2026-07-21T19:47:37.894728107Z,791,hs_latency_ms,telemetry_handshake,1.1.0-KN-ASCON128,Kyber768,DCB4D90A0578
,_result,0,2026-07-20T23:00:00Z,2026-07-21T23:15:00Z,2026-07-21T20:47:39.061467749Z,762,hs_latency_ms,telemetry_handshake,1.1.0-KN-ASCON128,Kyber768,DCB4D90A0578
,_result,0,2026-07-20T23:00:00Z,2026-07-21T23:15:00Z,2026-07-21T20:47:39.084543621Z,762,hs_latency_ms,telemetry_handshake,1.1.0-KN-ASCON128,Kyber768,DCB4D90A0578
,_result,0,2026-07-20T23:00:00Z,2026-07-21T23:15:00Z,2026-07-21T21:47:38.727627348Z,897,hs_latency_ms,telemetry_handshake,1.1.0-KN-ASCON128,Kyber768,DCB4D90A0578
,_result,0,2026-07-20T23:00:00Z,2026-07-21T23:15:00Z,2026-07-21T21:47:38.750881671Z,897,hs_latency_ms,telemetry_handshake,1.1.0-KN-ASCON128,Kyber768,DCB4D90A0578
,_result,0,2026-07-20T23:00:00Z,2026-07-21T23:15:00Z,2026-07-21T22:47:38.887599581Z,1388,hs_latency_ms,telemetry_handshake,1.1.0-KN-ASCON128,Kyber768,DCB4D90A0578
,_result,0,2026-07-20T23:00:00Z,2026-07-21T23:15:00Z,2026-07-21T22:47:38.912410914Z,1388,hs_latency_ms,telemetry_handshake,1.1.0-KN-ASCON128,Kyber768,DCB4D90A0578
,_result,1,2026-07-20T23:00:00Z,2026-07-21T23:15:00Z,2026-07-20T23:04:06.746782216Z,26,hs_req_bytes,telemetry_handshake,1.1.0-KN-ASCON128,Kyber768,DCB4D90A0578
,_result,1,2026-07-20T23:00:00Z,2026-07-21T23:15:00Z,2026-07-20T23:04:06.769157999Z,26,hs_req_bytes,telemetry_handshake,1.1.0-KN-ASCON128,Kyber768,DCB4D90A0578
,_result,1,2026-07-20T23:00:00Z,2026-07-21T23:15:00Z,2026-07-21T00:04:07.196361069Z,26,hs_req_bytes,telemetry_handshake,1.1.0-KN-ASCON128,Kyber768,DCB4D90A0578
,_result,1,2026-07-20T23:00:00Z,2026-07-21T23:15:00Z,2026-07-21T00:04:07.223698568Z,26,hs_req_bytes,telemetry_handshake,1.1.0-KN-ASCON128,Kyber768,DCB4D90A0578
,_result,1,2026-07-20T23:00:00Z,2026-07-21T23:15:00Z,2026-07-21T01:04:08.36228919Z,26,hs_req_bytes,telemetry_handshake,1.1.0-KN-ASCON128,Kyber768,DCB4D90A0578
,_result,1,2026-07-20T23:00:00Z,2026-07-21T23:15:00Z,2026-07-21T01:04:08.392603408Z,26,hs_req_bytes,telemetry_handshake,1.1.0-KN-ASCON128,Kyber768,DCB4D90A0578
,_result,1,2026-07-20T23:00:00Z,2026-07-21T23:15:00Z,2026-07-21T02:04:08.702764085Z,26,hs_req_bytes,telemetry_handshake,1.1.0-KN-ASCON128,Kyber768,DCB4D90A0578
,_result,1,2026-07-20T23:00:00Z,2026-07-21T23:15:00Z,2026-07-21T02:04:08.724115294Z,26,hs_req_bytes,telemetry_handshake,1.1.0-KN-ASCON128,Kyber768,DCB4D90A0578
,_result,1,2026-07-20T23:00:00Z,2026-07-21T23:15:00Z,2026-07-21T03:04:09.510187433Z,26,hs_req_bytes,telemetry_handshake,1.1.0-KN-ASCON128,Kyber768,DCB4D90A0578
,_result,1,2026-07-20T23:00:00Z,2026-07-21T23:15:00Z,2026-07-21T03:04:09.536398923Z,26,hs_req_bytes,telemetry_handshake,1.1.0-KN-ASCON128,Kyber768,DCB4D90A0578
,_result,1,2026-07-20T23:00:00Z,2026-07-21T23:15:00Z,2026-07-21T04:04:13.994022283Z,26,hs_req_bytes,telemetry_handshake,1.1.0-KN-ASCON128,Kyber768,DCB4D90A0578
,_result,1,2026-07-20T23:00:00Z,2026-07-21T23:15:00Z,2026-07-21T04:04:14.020436721Z,26,hs_req_bytes,telemetry_handshake,1.1.0-KN-ASCON128,Kyber768,DCB4D90A0578
,_result,1,2026-07-20T23:00:00Z,2026-07-21T23:15:00Z,2026-07-21T05:04:15.173274895Z,26,hs_req_bytes,telemetry_handshake,1.1.0-KN-ASCON128,Kyber768,DCB4D90A0578
,_result,1,2026-07-20T23:00:00Z,2026-07-21T23:15:00Z,2026-07-21T05:04:15.198615994Z,26,hs_req_bytes,telemetry_handshake,1.1.0-KN-ASCON128,Kyber768,DCB4D90A0578
,_result,1,2026-07-20T23:00:00Z,2026-07-21T23:15:00Z,2026-07-21T07:04:18.140467112Z,26,hs_req_bytes,telemetry_handshake,1.1.0-KN-ASCON128,Kyber768,DCB4D90A0578
,_result,1,2026-07-20T23:00:00Z,2026-07-21T23:15:00Z,2026-07-21T07:04:18.159452266Z,26,hs_req_bytes,telemetry_handshake,1.1.0-KN-ASCON128,Kyber768,DCB4D90A0578
,_result,1,2026-07-20T23:00:00Z,2026-07-21T23:15:00Z,2026-07-21T08:04:19.411319206Z,26,hs_req_bytes,telemetry_handshake,1.1.0-KN-ASCON128,Kyber768,DCB4D90A0578
,_result,1,2026-07-20T23:00:00Z,2026-07-21T23:15:00Z,2026-07-21T08:04:19.433248382Z,26,hs_req_bytes,telemetry_handshake,1.1.0-KN-ASCON128,Kyber768,DCB4D90A0578
,_result,1,2026-07-20T23:00:00Z,2026-07-21T23:15:00Z,2026-07-21T09:04:19.563492329Z,26,hs_req_bytes,telemetry_handshake,1.1.0-KN-ASCON128,Kyber768,DCB4D90A0578
,_result,1,2026-07-20T23:00:00Z,2026-07-21T23:15:00Z,2026-07-21T09:04:19.585078598Z,26,hs_req_bytes,telemetry_handshake,1.1.0-KN-ASCON128,Kyber768,DCB4D90A0578
,_result,1,2026-07-20T23:00:00Z,2026-07-21T23:15:00Z,2026-07-21T10:04:19.901814507Z,26,hs_req_bytes,telemetry_handshake,1.1.0-KN-ASCON128,Kyber768,DCB4D90A0578
,_result,1,2026-07-20T23:00:00Z,2026-07-21T23:15:00Z,2026-07-21T10:04:19.924226809Z,26,hs_req_bytes,telemetry_handshake,1.1.0-KN-ASCON128,Kyber768,DCB4D90A0578
,_result,1,2026-07-20T23:00:00Z,2026-07-21T23:15:00Z,2026-07-21T11:04:20.578779922Z,26,hs_req_bytes,telemetry_handshake,1.1.0-KN-ASCON128,Kyber768,DCB4D90A0578
,_result,1,2026-07-20T23:00:00Z,2026-07-21T23:15:00Z,2026-07-21T11:04:20.598040033Z,26,hs_req_bytes,telemetry_handshake,1.1.0-KN-ASCON128,Kyber768,DCB4D90A0578
,_result,1,2026-07-20T23:00:00Z,2026-07-21T23:15:00Z,2026-07-21T12:04:21.633028857Z,26,hs_req_bytes,telemetry_handshake,1.1.0-KN-ASCON128,Kyber768,DCB4D90A0578
,_result,1,2026-07-20T23:00:00Z,2026-07-21T23:15:00Z,2026-07-21T12:04:21.665390027Z,26,hs_req_bytes,telemetry_handshake,1.1.0-KN-ASCON128,Kyber768,DCB4D90A0578
,_result,1,2026-07-20T23:00:00Z,2026-07-21T23:15:00Z,2026-07-21T13:04:22.101608594Z,26,hs_req_bytes,telemetry_handshake,1.1.0-KN-ASCON128,Kyber768,DCB4D90A0578
,_result,1,2026-07-20T23:00:00Z,2026-07-21T23:15:00Z,2026-07-21T13:04:22.124539265Z,26,hs_req_bytes,telemetry_handshake,1.1.0-KN-ASCON128,Kyber768,DCB4D90A0578
,_result,1,2026-07-20T23:00:00Z,2026-07-21T23:15:00Z,2026-07-21T14:04:23.103026329Z,26,hs_req_bytes,telemetry_handshake,1.1.0-KN-ASCON128,Kyber768,DCB4D90A0578
,_result,1,2026-07-20T23:00:00Z,2026-07-21T23:15:00Z,2026-07-21T14:04:23.128435936Z,26,hs_req_bytes,telemetry_handshake,1.1.0-KN-ASCON128,Kyber768,DCB4D90A0578
,_result,1,2026-07-20T23:00:00Z,2026-07-21T23:15:00Z,2026-07-21T15:04:23.441932465Z,26,hs_req_bytes,telemetry_handshake,1.1.0-KN-ASCON128,Kyber768,DCB4D90A0578
,_result,1,2026-07-20T23:00:00Z,2026-07-21T23:15:00Z,2026-07-21T15:04:23.463083599Z,26,hs_req_bytes,telemetry_handshake,1.1.0-KN-ASCON128,Kyber768,DCB4D90A0578
,_result,1,2026-07-20T23:00:00Z,2026-07-21T23:15:00Z,2026-07-21T16:04:24.293419066Z,26,hs_req_bytes,telemetry_handshake,1.1.0-KN-ASCON128,Kyber768,DCB4D90A0578
,_result,1,2026-07-20T23:00:00Z,2026-07-21T23:15:00Z,2026-07-21T16:04:24.314785955Z,26,hs_req_bytes,telemetry_handshake,1.1.0-KN-ASCON128,Kyber768,DCB4D90A0578
,_result,1,2026-07-20T23:00:00Z,2026-07-21T23:15:00Z,2026-07-21T19:47:37.87200781Z,26,hs_req_bytes,telemetry_handshake,1.1.0-KN-ASCON128,Kyber768,DCB4D90A0578
,_result,1,2026-07-20T23:00:00Z,2026-07-21T23:15:00Z,2026-07-21T19:47:37.894728107Z,26,hs_req_bytes,telemetry_handshake,1.1.0-KN-ASCON128,Kyber768,DCB4D90A0578
,_result,1,2026-07-20T23:00:00Z,2026-07-21T23:15:00Z,2026-07-21T20:47:39.061467749Z,26,hs_req_bytes,telemetry_handshake,1.1.0-KN-ASCON128,Kyber768,DCB4D90A0578
,_result,1,2026-07-20T23:00:00Z,2026-07-21T23:15:00Z,2026-07-21T20:47:39.084543621Z,26,hs_req_bytes,telemetry_handshake,1.1.0-KN-ASCON128,Kyber768,DCB4D90A0578
,_result,1,2026-07-20T23:00:00Z,2026-07-21T23:15:00Z,2026-07-21T21:47:38.727627348Z,26,hs_req_bytes,telemetry_handshake,1.1.0-KN-ASCON128,Kyber768,DCB4D90A0578
,_result,1,2026-07-20T23:00:00Z,2026-07-21T23:15:00Z,2026-07-21T21:47:38.750881671Z,26,hs_req_bytes,telemetry_handshake,1.1.0-KN-ASCON128,Kyber768,DCB4D90A0578
,_result,1,2026-07-20T23:00:00Z,2026-07-21T23:15:00Z,2026-07-21T22:47:38.887599581Z,26,hs_req_bytes,telemetry_handshake,1.1.0-KN-ASCON128,Kyber768,DCB4D90A0578
,_result,1,2026-07-20T23:00:00Z,2026-07-21T23:15:00Z,2026-07-21T22:47:38.912410914Z,26,hs_req_bytes,telemetry_handshake,1.1.0-KN-ASCON128,Kyber768,DCB4D90A0578
,_result,2,2026-07-20T23:00:00Z,2026-07-21T23:15:00Z,2026-07-20T23:04:06.746782216Z,1540,hs_resp_bytes,telemetry_handshake,1.1.0-KN-ASCON128,Kyber768,DCB4D90A0578
,_result,2,2026-07-20T23:00:00Z,2026-07-21T23:15:00Z,2026-07-20T23:04:06.769157999Z,1540,hs_resp_bytes,telemetry_handshake,1.1.0-KN-ASCON128,Kyber768,DCB4D90A0578
,_result,2,2026-07-20T23:00:00Z,2026-07-21T23:15:00Z,2026-07-21T00:04:07.196361069Z,1540,hs_resp_bytes,telemetry_handshake,1.1.0-KN-ASCON128,Kyber768,DCB4D90A0578
,_result,2,2026-07-20T23:00:00Z,2026-07-21T23:15:00Z,2026-07-21T00:04:07.223698568Z,1540,hs_resp_bytes,telemetry_handshake,1.1.0-KN-ASCON128,Kyber768,DCB4D90A0578
,_result,2,2026-07-20T23:00:00Z,2026-07-21T23:15:00Z,2026-07-21T01:04:08.36228919Z,1540,hs_resp_bytes,telemetry_handshake,1.1.0-KN-ASCON128,Kyber768,DCB4D90A0578
,_result,2,2026-07-20T23:00:00Z,2026-07-21T23:15:00Z,2026-07-21T01:04:08.392603408Z,1540,hs_resp_bytes,telemetry_handshake,1.1.0-KN-ASCON128,Kyber768,DCB4D90A0578
,_result,2,2026-07-20T23:00:00Z,2026-07-21T23:15:00Z,2026-07-21T02:04:08.702764085Z,1540,hs_resp_bytes,telemetry_handshake,1.1.0-KN-ASCON128,Kyber768,DCB4D90A0578
,_result,2,2026-07-20T23:00:00Z,2026-07-21T23:15:00Z,2026-07-21T02:04:08.724115294Z,1540,hs_resp_bytes,telemetry_handshake,1.1.0-KN-ASCON128,Kyber768,DCB4D90A0578
,_result,2,2026-07-20T23:00:00Z,2026-07-21T23:15:00Z,2026-07-21T03:04:09.510187433Z,1540,hs_resp_bytes,telemetry_handshake,1.1.0-KN-ASCON128,Kyber768,DCB4D90A0578
,_result,2,2026-07-20T23:00:00Z,2026-07-21T23:15:00Z,2026-07-21T03:04:09.536398923Z,1540,hs_resp_bytes,telemetry_handshake,1.1.0-KN-ASCON128,Kyber768,DCB4D90A0578
,_result,2,2026-07-20T23:00:00Z,2026-07-21T23:15:00Z,2026-07-21T04:04:13.994022283Z,1540,hs_resp_bytes,telemetry_handshake,1.1.0-KN-ASCON128,Kyber768,DCB4D90A0578
,_result,2,2026-07-20T23:00:00Z,2026-07-21T23:15:00Z,2026-07-21T04:04:14.020436721Z,1540,hs_resp_bytes,telemetry_handshake,1.1.0-KN-ASCON128,Kyber768,DCB4D90A0578
,_result,2,2026-07-20T23:00:00Z,2026-07-21T23:15:00Z,2026-07-21T05:04:15.173274895Z,1540,hs_resp_bytes,telemetry_handshake,1.1.0-KN-ASCON128,Kyber768,DCB4D90A0578
,_result,2,2026-07-20T23:00:00Z,2026-07-21T23:15:00Z,2026-07-21T05:04:15.198615994Z,1540,hs_resp_bytes,telemetry_handshake,1.1.0-KN-ASCON128,Kyber768,DCB4D90A0578
,_result,2,2026-07-20T23:00:00Z,2026-07-21T23:15:00Z,2026-07-21T07:04:18.140467112Z,1540,hs_resp_bytes,telemetry_handshake,1.1.0-KN-ASCON128,Kyber768,DCB4D90A0578
,_result,2,2026-07-20T23:00:00Z,2026-07-21T23:15:00Z,2026-07-21T07:04:18.159452266Z,1540,hs_resp_bytes,telemetry_handshake,1.1.0-KN-ASCON128,Kyber768,DCB4D90A0578
,_result,2,2026-07-20T23:00:00Z,2026-07-21T23:15:00Z,2026-07-21T08:04:19.411319206Z,1540,hs_resp_bytes,telemetry_handshake,1.1.0-KN-ASCON128,Kyber768,DCB4D90A0578
,_result,2,2026-07-20T23:00:00Z,2026-07-21T23:15:00Z,2026-07-21T08:04:19.433248382Z,1540,hs_resp_bytes,telemetry_handshake,1.1.0-KN-ASCON128,Kyber768,DCB4D90A0578
,_result,2,2026-07-20T23:00:00Z,2026-07-21T23:15:00Z,2026-07-21T09:04:19.563492329Z,1540,hs_resp_bytes,telemetry_handshake,1.1.0-KN-ASCON128,Kyber768,DCB4D90A0578
,_result,2,2026-07-20T23:00:00Z,2026-07-21T23:15:00Z,2026-07-21T09:04:19.585078598Z,1540,hs_resp_bytes,telemetry_handshake,1.1.0-KN-ASCON128,Kyber768,DCB4D90A0578
,_result,2,2026-07-20T23:00:00Z,2026-07-21T23:15:00Z,2026-07-21T10:04:19.901814507Z,1540,hs_resp_bytes,telemetry_handshake,1.1.0-KN-ASCON128,Kyber768,DCB4D90A0578
,_result,2,2026-07-20T23:00:00Z,2026-07-21T23:15:00Z,2026-07-21T10:04:19.924226809Z,1540,hs_resp_bytes,telemetry_handshake,1.1.0-KN-ASCON128,Kyber768,DCB4D90A0578
,_result,2,2026-07-20T23:00:00Z,2026-07-21T23:15:00Z,2026-07-21T11:04:20.578779922Z,1540,hs_resp_bytes,telemetry_handshake,1.1.0-KN-ASCON128,Kyber768,DCB4D90A0578
,_result,2,2026-07-20T23:00:00Z,2026-07-21T23:15:00Z,2026-07-21T11:04:20.598040033Z,1540,hs_resp_bytes,telemetry_handshake,1.1.0-KN-ASCON128,Kyber768,DCB4D90A0578
,_result,2,2026-07-20T23:00:00Z,2026-07-21T23:15:00Z,2026-07-21T12:04:21.633028857Z,1540,hs_resp_bytes,telemetry_handshake,1.1.0-KN-ASCON128,Kyber768,DCB4D90A0578
,_result,2,2026-07-20T23:00:00Z,2026-07-21T23:15:00Z,2026-07-21T12:04:21.665390027Z,1540,hs_resp_bytes,telemetry_handshake,1.1.0-KN-ASCON128,Kyber768,DCB4D90A0578
,_result,2,2026-07-20T23:00:00Z,2026-07-21T23:15:00Z,2026-07-21T13:04:22.101608594Z,1540,hs_resp_bytes,telemetry_handshake,1.1.0-KN-ASCON128,Kyber768,DCB4D90A0578
,_result,2,2026-07-20T23:00:00Z,2026-07-21T23:15:00Z,2026-07-21T13:04:22.124539265Z,1540,hs_resp_bytes,telemetry_handshake,1.1.0-KN-ASCON128,Kyber768,DCB4D90A0578
,_result,2,2026-07-20T23:00:00Z,2026-07-21T23:15:00Z,2026-07-21T14:04:23.103026329Z,1540,hs_resp_bytes,telemetry_handshake,1.1.0-KN-ASCON128,Kyber768,DCB4D90A0578
,_result,2,2026-07-20T23:00:00Z,2026-07-21T23:15:00Z,2026-07-21T14:04:23.128435936Z,1540,hs_resp_bytes,telemetry_handshake,1.1.0-KN-ASCON128,Kyber768,DCB4D90A0578
,_result,2,2026-07-20T23:00:00Z,2026-07-21T23:15:00Z,2026-07-21T15:04:23.441932465Z,1540,hs_resp_bytes,telemetry_handshake,1.1.0-KN-ASCON128,Kyber768,DCB4D90A0578
,_result,2,2026-07-20T23:00:00Z,2026-07-21T23:15:00Z,2026-07-21T15:04:23.463083599Z,1540,hs_resp_bytes,telemetry_handshake,1.1.0-KN-ASCON128,Kyber768,DCB4D90A0578
,_result,2,2026-07-20T23:00:00Z,2026-07-21T23:15:00Z,2026-07-21T16:04:24.293419066Z,1540,hs_resp_bytes,telemetry_handshake,1.1.0-KN-ASCON128,Kyber768,DCB4D90A0578
,_result,2,2026-07-20T23:00:00Z,2026-07-21T23:15:00Z,2026-07-21T16:04:24.314785955Z,1540,hs_resp_bytes,telemetry_handshake,1.1.0-KN-ASCON128,Kyber768,DCB4D90A0578
,_result,2,2026-07-20T23:00:00Z,2026-07-21T23:15:00Z,2026-07-21T19:47:37.87200781Z,1540,hs_resp_bytes,telemetry_handshake,1.1.0-KN-ASCON128,Kyber768,DCB4D90A0578
,_result,2,2026-07-20T23:00:00Z,2026-07-21T23:15:00Z,2026-07-21T19:47:37.894728107Z,1540,hs_resp_bytes,telemetry_handshake,1.1.0-KN-ASCON128,Kyber768,DCB4D90A0578
,_result,2,2026-07-20T23:00:00Z,2026-07-21T23:15:00Z,2026-07-21T20:47:39.061467749Z,1540,hs_resp_bytes,telemetry_handshake,1.1.0-KN-ASCON128,Kyber768,DCB4D90A0578
,_result,2,2026-07-20T23:00:00Z,2026-07-21T23:15:00Z,2026-07-21T20:47:39.084543621Z,1540,hs_resp_bytes,telemetry_handshake,1.1.0-KN-ASCON128,Kyber768,DCB4D90A0578
,_result,2,2026-07-20T23:00:00Z,2026-07-21T23:15:00Z,2026-07-21T21:47:38.727627348Z,1540,hs_resp_bytes,telemetry_handshake,1.1.0-KN-ASCON128,Kyber768,DCB4D90A0578
,_result,2,2026-07-20T23:00:00Z,2026-07-21T23:15:00Z,2026-07-21T21:47:38.750881671Z,1540,hs_resp_bytes,telemetry_handshake,1.1.0-KN-ASCON128,Kyber768,DCB4D90A0578
,_result,2,2026-07-20T23:00:00Z,2026-07-21T23:15:00Z,2026-07-21T22:47:38.887599581Z,1540,hs_resp_bytes,telemetry_handshake,1.1.0-KN-ASCON128,Kyber768,DCB4D90A0578
,_result,2,2026-07-20T23:00:00Z,2026-07-21T23:15:00Z,2026-07-21T22:47:38.912410914Z,1540,hs_resp_bytes,telemetry_handshake,1.1.0-KN-ASCON128,Kyber768,DCB4D90A0578
,_result,3,2026-07-20T23:00:00Z,2026-07-21T23:15:00Z,2026-07-20T23:04:07.150250256Z,739,hs_latency_ms,telemetry_handshake,1.1.0-SR-ASCON128,Kyber768,DCB4D90B5258
,_result,3,2026-07-20T23:00:00Z,2026-07-21T23:15:00Z,2026-07-20T23:04:07.180944509Z,739,hs_latency_ms,telemetry_handshake,1.1.0-SR-ASCON128,Kyber768,DCB4D90B5258
,_result,3,2026-07-20T23:00:00Z,2026-07-21T23:15:00Z,2026-07-21T00:04:07.845752103Z,753,hs_latency_ms,telemetry_handshake,1.1.0-SR-ASCON128,Kyber768,DCB4D90B5258
,_result,3,2026-07-20T23:00:00Z,2026-07-21T23:15:00Z,2026-07-21T00:04:07.867669625Z,753,hs_latency_ms,telemetry_handshake,1.1.0-SR-ASCON128,Kyber768,DCB4D90B5258
,_result,3,2026-07-20T23:00:00Z,2026-07-21T23:15:00Z,2026-07-21T01:04:08.612417145Z,858,hs_latency_ms,telemetry_handshake,1.1.0-SR-ASCON128,Kyber768,DCB4D90B5258
,_result,3,2026-07-20T23:00:00Z,2026-07-21T23:15:00Z,2026-07-21T01:04:08.635122231Z,858,hs_latency_ms,telemetry_handshake,1.1.0-SR-ASCON128,Kyber768,DCB4D90B5258
,_result,3,2026-07-20T23:00:00Z,2026-07-21T23:15:00Z,2026-07-21T02:04:09.250497521Z,687,hs_latency_ms,telemetry_handshake,1.1.0-SR-ASCON128,Kyber768,DCB4D90B5258
,_result,3,2026-07-20T23:00:00Z,2026-07-21T23:15:00Z,2026-07-21T02:04:09.269825075Z,687,hs_latency_ms,telemetry_handshake,1.1.0-SR-ASCON128,Kyber768,DCB4D90B5258
,_result,3,2026-07-20T23:00:00Z,2026-07-21T23:15:00Z,2026-07-21T03:04:10.088359023Z,904,hs_latency_ms,telemetry_handshake,1.1.0-SR-ASCON128,Kyber768,DCB4D90B5258
,_result,3,2026-07-20T23:00:00Z,2026-07-21T23:15:00Z,2026-07-21T03:04:10.114233647Z,904,hs_latency_ms,telemetry_handshake,1.1.0-SR-ASCON128,Kyber768,DCB4D90B5258
,_result,3,2026-07-20T23:00:00Z,2026-07-21T23:15:00Z,2026-07-21T04:04:13.771841873Z,2437,hs_latency_ms,telemetry_handshake,1.1.0-SR-ASCON128,Kyber768,DCB4D90B5258
,_result,3,2026-07-20T23:00:00Z,2026-07-21T23:15:00Z,2026-07-21T04:04:13.862393881Z,2437,hs_latency_ms,telemetry_handshake,1.1.0-SR-ASCON128,Kyber768,DCB4D90B5258
,_result,3,2026-07-20T23:00:00Z,2026-07-21T23:15:00Z,2026-07-21T05:04:17.852911526Z,1094,hs_latency_ms,telemetry_handshake,1.1.0-SR-ASCON128,Kyber768,DCB4D90B5258
,_result,3,2026-07-20T23:00:00Z,2026-07-21T23:15:00Z,2026-07-21T05:04:19.934839249Z,1094,hs_latency_ms,telemetry_handshake,1.1.0-SR-ASCON128,Kyber768,DCB4D90B5258
,_result,3,2026-07-20T23:00:00Z,2026-07-21T23:15:00Z,2026-07-21T07:04:18.810673689Z,737,hs_latency_ms,telemetry_handshake,1.1.0-SR-ASCON128,Kyber768,DCB4D90B5258
,_result,3,2026-07-20T23:00:00Z,2026-07-21T23:15:00Z,2026-07-21T07:04:18.828596781Z,737,hs_latency_ms,telemetry_handshake,1.1.0-SR-ASCON128,Kyber768,DCB4D90B5258
,_result,3,2026-07-20T23:00:00Z,2026-07-21T23:15:00Z,2026-07-21T08:04:19.525633089Z,533,hs_latency_ms,telemetry_handshake,1.1.0-SR-ASCON128,Kyber768,DCB4D90B5258
,_result,3,2026-07-20T23:00:00Z,2026-07-21T23:15:00Z,2026-07-21T08:04:19.544382445Z,533,hs_latency_ms,telemetry_handshake,1.1.0-SR-ASCON128,Kyber768,DCB4D90B5258
,_result,3,2026-07-20T23:00:00Z,2026-07-21T23:15:00Z,2026-07-21T09:04:20.308153759Z,1097,hs_latency_ms,telemetry_handshake,1.1.0-SR-ASCON128,Kyber768,DCB4D90B5258
,_result,3,2026-07-20T23:00:00Z,2026-07-21T23:15:00Z,2026-07-21T09:04:20.33311187Z,1097,hs_latency_ms,telemetry_handshake,1.1.0-SR-ASCON128,Kyber768,DCB4D90B5258
,_result,3,2026-07-20T23:00:00Z,2026-07-21T23:15:00Z,2026-07-21T10:04:21.220830589Z,997,hs_latency_ms,telemetry_handshake,1.1.0-SR-ASCON128,Kyber768,DCB4D90B5258
,_result,3,2026-07-20T23:00:00Z,2026-07-21T23:15:00Z,2026-07-21T10:04:21.24347209Z,997,hs_latency_ms,telemetry_handshake,1.1.0-SR-ASCON128,Kyber768,DCB4D90B5258
,_result,3,2026-07-20T23:00:00Z,2026-07-21T23:15:00Z,2026-07-21T11:04:21.91859334Z,779,hs_latency_ms,telemetry_handshake,1.1.0-SR-ASCON128,Kyber768,DCB4D90B5258
,_result,3,2026-07-20T23:00:00Z,2026-07-21T23:15:00Z,2026-07-21T11:04:21.942521074Z,779,hs_latency_ms,telemetry_handshake,1.1.0-SR-ASCON128,Kyber768,DCB4D90B5258
,_result,3,2026-07-20T23:00:00Z,2026-07-21T23:15:00Z,2026-07-21T12:04:22.81897051Z,902,hs_latency_ms,telemetry_handshake,1.1.0-SR-ASCON128,Kyber768,DCB4D90B5258
,_result,3,2026-07-20T23:00:00Z,2026-07-21T23:15:00Z,2026-07-21T12:04:22.839560558Z,902,hs_latency_ms,telemetry_handshake,1.1.0-SR-ASCON128,Kyber768,DCB4D90B5258
,_result,3,2026-07-20T23:00:00Z,2026-07-21T23:15:00Z,2026-07-21T13:04:23.446082141Z,777,hs_latency_ms,telemetry_handshake,1.1.0-SR-ASCON128,Kyber768,DCB4D90B5258
,_result,3,2026-07-20T23:00:00Z,2026-07-21T23:15:00Z,2026-07-21T13:04:23.464898989Z,777,hs_latency_ms,telemetry_handshake,1.1.0-SR-ASCON128,Kyber768,DCB4D90B5258
,_result,3,2026-07-20T23:00:00Z,2026-07-21T23:15:00Z,2026-07-21T14:04:24.186942704Z,816,hs_latency_ms,telemetry_handshake,1.1.0-SR-ASCON128,Kyber768,DCB4D90B5258
,_result,3,2026-07-20T23:00:00Z,2026-07-21T23:15:00Z,2026-07-21T14:04:24.211274308Z,816,hs_latency_ms,telemetry_handshake,1.1.0-SR-ASCON128,Kyber768,DCB4D90B5258
,_result,3,2026-07-20T23:00:00Z,2026-07-21T23:15:00Z,2026-07-21T15:04:24.83997608Z,661,hs_latency_ms,telemetry_handshake,1.1.0-SR-ASCON128,Kyber768,DCB4D90B5258
,_result,3,2026-07-20T23:00:00Z,2026-07-21T23:15:00Z,2026-07-21T15:04:24.861235102Z,661,hs_latency_ms,telemetry_handshake,1.1.0-SR-ASCON128,Kyber768,DCB4D90B5258
,_result,3,2026-07-20T23:00:00Z,2026-07-21T23:15:00Z,2026-07-21T16:04:25.615322162Z,887,hs_latency_ms,telemetry_handshake,1.1.0-SR-ASCON128,Kyber768,DCB4D90B5258
,_result,3,2026-07-20T23:00:00Z,2026-07-21T23:15:00Z,2026-07-21T16:04:25.64104182Z,887,hs_latency_ms,telemetry_handshake,1.1.0-SR-ASCON128,Kyber768,DCB4D90B5258
,_result,3,2026-07-20T23:00:00Z,2026-07-21T23:15:00Z,2026-07-21T19:47:37.967417082Z,722,hs_latency_ms,telemetry_handshake,1.1.0-SR-ASCON128,Kyber768,DCB4D90B5258
,_result,3,2026-07-20T23:00:00Z,2026-07-21T23:15:00Z,2026-07-21T19:47:37.993980511Z,722,hs_latency_ms,telemetry_handshake,1.1.0-SR-ASCON128,Kyber768,DCB4D90B5258
,_result,3,2026-07-20T23:00:00Z,2026-07-21T23:15:00Z,2026-07-21T20:47:39.012713782Z,838,hs_latency_ms,telemetry_handshake,1.1.0-SR-ASCON128,Kyber768,DCB4D90B5258
,_result,3,2026-07-20T23:00:00Z,2026-07-21T23:15:00Z,2026-07-21T20:47:39.038233397Z,838,hs_latency_ms,telemetry_handshake,1.1.0-SR-ASCON128,Kyber768,DCB4D90B5258
,_result,3,2026-07-20T23:00:00Z,2026-07-21T23:15:00Z,2026-07-21T21:47:38.680901613Z,880,hs_latency_ms,telemetry_handshake,1.1.0-SR-ASCON128,Kyber768,DCB4D90B5258
,_result,3,2026-07-20T23:00:00Z,2026-07-21T23:15:00Z,2026-07-21T21:47:38.706630105Z,880,hs_latency_ms,telemetry_handshake,1.1.0-SR-ASCON128,Kyber768,DCB4D90B5258
,_result,3,2026-07-20T23:00:00Z,2026-07-21T23:15:00Z,2026-07-21T22:47:39.053681577Z,2731,hs_latency_ms,telemetry_handshake,1.1.0-SR-ASCON128,Kyber768,DCB4D90B5258
,_result,3,2026-07-20T23:00:00Z,2026-07-21T23:15:00Z,2026-07-21T22:47:39.076165481Z,2731,hs_latency_ms,telemetry_handshake,1.1.0-SR-ASCON128,Kyber768,DCB4D90B5258
,_result,4,2026-07-20T23:00:00Z,2026-07-21T23:15:00Z,2026-07-20T23:04:07.150250256Z,26,hs_req_bytes,telemetry_handshake,1.1.0-SR-ASCON128,Kyber768,DCB4D90B5258
,_result,4,2026-07-20T23:00:00Z,2026-07-21T23:15:00Z,2026-07-20T23:04:07.180944509Z,26,hs_req_bytes,telemetry_handshake,1.1.0-SR-ASCON128,Kyber768,DCB4D90B5258
,_result,4,2026-07-20T23:00:00Z,2026-07-21T23:15:00Z,2026-07-21T00:04:07.845752103Z,26,hs_req_bytes,telemetry_handshake,1.1.0-SR-ASCON128,Kyber768,DCB4D90B5258
,_result,4,2026-07-20T23:00:00Z,2026-07-21T23:15:00Z,2026-07-21T00:04:07.867669625Z,26,hs_req_bytes,telemetry_handshake,1.1.0-SR-ASCON128,Kyber768,DCB4D90B5258
,_result,4,2026-07-20T23:00:00Z,2026-07-21T23:15:00Z,2026-07-21T01:04:08.612417145Z,26,hs_req_bytes,telemetry_handshake,1.1.0-SR-ASCON128,Kyber768,DCB4D90B5258
,_result,4,2026-07-20T23:00:00Z,2026-07-21T23:15:00Z,2026-07-21T01:04:08.635122231Z,26,hs_req_bytes,telemetry_handshake,1.1.0-SR-ASCON128,Kyber768,DCB4D90B5258
,_result,4,2026-07-20T23:00:00Z,2026-07-21T23:15:00Z,2026-07-21T02:04:09.250497521Z,26,hs_req_bytes,telemetry_handshake,1.1.0-SR-ASCON128,Kyber768,DCB4D90B5258
,_result,4,2026-07-20T23:00:00Z,2026-07-21T23:15:00Z,2026-07-21T02:04:09.269825075Z,26,hs_req_bytes,telemetry_handshake,1.1.0-SR-ASCON128,Kyber768,DCB4D90B5258
,_result,4,2026-07-20T23:00:00Z,2026-07-21T23:15:00Z,2026-07-21T03:04:10.088359023Z,26,hs_req_bytes,telemetry_handshake,1.1.0-SR-ASCON128,Kyber768,DCB4D90B5258
,_result,4,2026-07-20T23:00:00Z,2026-07-21T23:15:00Z,2026-07-21T03:04:10.114233647Z,26,hs_req_bytes,telemetry_handshake,1.1.0-SR-ASCON128,Kyber768,DCB4D90B5258
,_result,4,2026-07-20T23:00:00Z,2026-07-21T23:15:00Z,2026-07-21T04:04:13.771841873Z,26,hs_req_bytes,telemetry_handshake,1.1.0-SR-ASCON128,Kyber768,DCB4D90B5258
,_result,4,2026-07-20T23:00:00Z,2026-07-21T23:15:00Z,2026-07-21T04:04:13.862393881Z,26,hs_req_bytes,telemetry_handshake,1.1.0-SR-ASCON128,Kyber768,DCB4D90B5258
,_result,4,2026-07-20T23:00:00Z,2026-07-21T23:15:00Z,2026-07-21T05:04:17.852911526Z,26,hs_req_bytes,telemetry_handshake,1.1.0-SR-ASCON128,Kyber768,DCB4D90B5258
,_result,4,2026-07-20T23:00:00Z,2026-07-21T23:15:00Z,2026-07-21T05:04:19.934839249Z,26,hs_req_bytes,telemetry_handshake,1.1.0-SR-ASCON128,Kyber768,DCB4D90B5258
,_result,4,2026-07-20T23:00:00Z,2026-07-21T23:15:00Z,2026-07-21T07:04:18.810673689Z,26,hs_req_bytes,telemetry_handshake,1.1.0-SR-ASCON128,Kyber768,DCB4D90B5258
,_result,4,2026-07-20T23:00:00Z,2026-07-21T23:15:00Z,2026-07-21T07:04:18.828596781Z,26,hs_req_bytes,telemetry_handshake,1.1.0-SR-ASCON128,Kyber768,DCB4D90B5258
,_result,4,2026-07-20T23:00:00Z,2026-07-21T23:15:00Z,2026-07-21T08:04:19.525633089Z,26,hs_req_bytes,telemetry_handshake,1.1.0-SR-ASCON128,Kyber768,DCB4D90B5258
,_result,4,2026-07-20T23:00:00Z,2026-07-21T23:15:00Z,2026-07-21T08:04:19.544382445Z,26,hs_req_bytes,telemetry_handshake,1.1.0-SR-ASCON128,Kyber768,DCB4D90B5258
,_result,4,2026-07-20T23:00:00Z,2026-07-21T23:15:00Z,2026-07-21T09:04:20.308153759Z,26,hs_req_bytes,telemetry_handshake,1.1.0-SR-ASCON128,Kyber768,DCB4D90B5258
,_result,4,2026-07-20T23:00:00Z,2026-07-21T23:15:00Z,2026-07-21T09:04:20.33311187Z,26,hs_req_bytes,telemetry_handshake,1.1.0-SR-ASCON128,Kyber768,DCB4D90B5258
,_result,4,2026-07-20T23:00:00Z,2026-07-21T23:15:00Z,2026-07-21T10:04:21.220830589Z,26,hs_req_bytes,telemetry_handshake,1.1.0-SR-ASCON128,Kyber768,DCB4D90B5258
,_result,4,2026-07-20T23:00:00Z,2026-07-21T23:15:00Z,2026-07-21T10:04:21.24347209Z,26,hs_req_bytes,telemetry_handshake,1.1.0-SR-ASCON128,Kyber768,DCB4D90B5258
,_result,4,2026-07-20T23:00:00Z,2026-07-21T23:15:00Z,2026-07-21T11:04:21.91859334Z,26,hs_req_bytes,telemetry_handshake,1.1.0-SR-ASCON128,Kyber768,DCB4D90B5258
,_result,4,2026-07-20T23:00:00Z,2026-07-21T23:15:00Z,2026-07-21T11:04:21.942521074Z,26,hs_req_bytes,telemetry_handshake,1.1.0-SR-ASCON128,Kyber768,DCB4D90B5258
,_result,4,2026-07-20T23:00:00Z,2026-07-21T23:15:00Z,2026-07-21T12:04:22.81897051Z,26,hs_req_bytes,telemetry_handshake,1.1.0-SR-ASCON128,Kyber768,DCB4D90B5258
,_result,4,2026-07-20T23:00:00Z,2026-07-21T23:15:00Z,2026-07-21T12:04:22.839560558Z,26,hs_req_bytes,telemetry_handshake,1.1.0-SR-ASCON128,Kyber768,DCB4D90B5258
,_result,4,2026-07-20T23:00:00Z,2026-07-21T23:15:00Z,2026-07-21T13:04:23.446082141Z,26,hs_req_bytes,telemetry_handshake,1.1.0-SR-ASCON128,Kyber768,DCB4D90B5258
,_result,4,2026-07-20T23:00:00Z,2026-07-21T23:15:00Z,2026-07-21T13:04:23.464898989Z,26,hs_req_bytes,telemetry_handshake,1.1.0-SR-ASCON128,Kyber768,DCB4D90B5258
,_result,4,2026-07-20T23:00:00Z,2026-07-21T23:15:00Z,2026-07-21T14:04:24.186942704Z,26,hs_req_bytes,telemetry_handshake,1.1.0-SR-ASCON128,Kyber768,DCB4D90B5258
,_result,4,2026-07-20T23:00:00Z,2026-07-21T23:15:00Z,2026-07-21T14:04:24.211274308Z,26,hs_req_bytes,telemetry_handshake,1.1.0-SR-ASCON128,Kyber768,DCB4D90B5258
,_result,4,2026-07-20T23:00:00Z,2026-07-21T23:15:00Z,2026-07-21T15:04:24.83997608Z,26,hs_req_bytes,telemetry_handshake,1.1.0-SR-ASCON128,Kyber768,DCB4D90B5258
,_result,4,2026-07-20T23:00:00Z,2026-07-21T23:15:00Z,2026-07-21T15:04:24.861235102Z,26,hs_req_bytes,telemetry_handshake,1.1.0-SR-ASCON128,Kyber768,DCB4D90B5258
,_result,4,2026-07-20T23:00:00Z,2026-07-21T23:15:00Z,2026-07-21T16:04:25.615322162Z,26,hs_req_bytes,telemetry_handshake,1.1.0-SR-ASCON128,Kyber768,DCB4D90B5258
,_result,4,2026-07-20T23:00:00Z,2026-07-21T23:15:00Z,2026-07-21T16:04:25.64104182Z,26,hs_req_bytes,telemetry_handshake,1.1.0-SR-ASCON128,Kyber768,DCB4D90B5258
,_result,4,2026-07-20T23:00:00Z,2026-07-21T23:15:00Z,2026-07-21T19:47:37.967417082Z,26,hs_req_bytes,telemetry_handshake,1.1.0-SR-ASCON128,Kyber768,DCB4D90B5258
,_result,4,2026-07-20T23:00:00Z,2026-07-21T23:15:00Z,2026-07-21T19:47:37.993980511Z,26,hs_req_bytes,telemetry_handshake,1.1.0-SR-ASCON128,Kyber768,DCB4D90B5258
,_result,4,2026-07-20T23:00:00Z,2026-07-21T23:15:00Z,2026-07-21T20:47:39.012713782Z,26,hs_req_bytes,telemetry_handshake,1.1.0-SR-ASCON128,Kyber768,DCB4D90B5258
,_result,4,2026-07-20T23:00:00Z,2026-07-21T23:15:00Z,2026-07-21T20:47:39.038233397Z,26,hs_req_bytes,telemetry_handshake,1.1.0-SR-ASCON128,Kyber768,DCB4D90B5258
,_result,4,2026-07-20T23:00:00Z,2026-07-21T23:15:00Z,2026-07-21T21:47:38.680901613Z,26,hs_req_bytes,telemetry_handshake,1.1.0-SR-ASCON128,Kyber768,DCB4D90B5258
,_result,4,2026-07-20T23:00:00Z,2026-07-21T23:15:00Z,2026-07-21T21:47:38.706630105Z,26,hs_req_bytes,telemetry_handshake,1.1.0-SR-ASCON128,Kyber768,DCB4D90B5258
,_result,4,2026-07-20T23:00:00Z,2026-07-21T23:15:00Z,2026-07-21T22:47:39.053681577Z,26,hs_req_bytes,telemetry_handshake,1.1.0-SR-ASCON128,Kyber768,DCB4D90B5258
,_result,4,2026-07-20T23:00:00Z,2026-07-21T23:15:00Z,2026-07-21T22:47:39.076165481Z,26,hs_req_bytes,telemetry_handshake,1.1.0-SR-ASCON128,Kyber768,DCB4D90B5258
,_result,5,2026-07-20T23:00:00Z,2026-07-21T23:15:00Z,2026-07-20T23:04:07.150250256Z,1540,hs_resp_bytes,telemetry_handshake,1.1.0-SR-ASCON128,Kyber768,DCB4D90B5258
,_result,5,2026-07-20T23:00:00Z,2026-07-21T23:15:00Z,2026-07-20T23:04:07.180944509Z,1540,hs_resp_bytes,telemetry_handshake,1.1.0-SR-ASCON128,Kyber768,DCB4D90B5258
,_result,5,2026-07-20T23:00:00Z,2026-07-21T23:15:00Z,2026-07-21T00:04:07.845752103Z,1540,hs_resp_bytes,telemetry_handshake,1.1.0-SR-ASCON128,Kyber768,DCB4D90B5258
,_result,5,2026-07-20T23:00:00Z,2026-07-21T23:15:00Z,2026-07-21T00:04:07.867669625Z,1540,hs_resp_bytes,telemetry_handshake,1.1.0-SR-ASCON128,Kyber768,DCB4D90B5258
,_result,5,2026-07-20T23:00:00Z,2026-07-21T23:15:00Z,2026-07-21T01:04:08.612417145Z,1540,hs_resp_bytes,telemetry_handshake,1.1.0-SR-ASCON128,Kyber768,DCB4D90B5258
,_result,5,2026-07-20T23:00:00Z,2026-07-21T23:15:00Z,2026-07-21T01:04:08.635122231Z,1540,hs_resp_bytes,telemetry_handshake,1.1.0-SR-ASCON128,Kyber768,DCB4D90B5258
,_result,5,2026-07-20T23:00:00Z,2026-07-21T23:15:00Z,2026-07-21T02:04:09.250497521Z,1540,hs_resp_bytes,telemetry_handshake,1.1.0-SR-ASCON128,Kyber768,DCB4D90B5258
,_result,5,2026-07-20T23:00:00Z,2026-07-21T23:15:00Z,2026-07-21T02:04:09.269825075Z,1540,hs_resp_bytes,telemetry_handshake,1.1.0-SR-ASCON128,Kyber768,DCB4D90B5258
,_result,5,2026-07-20T23:00:00Z,2026-07-21T23:15:00Z,2026-07-21T03:04:10.088359023Z,1540,hs_resp_bytes,telemetry_handshake,1.1.0-SR-ASCON128,Kyber768,DCB4D90B5258
,_result,5,2026-07-20T23:00:00Z,2026-07-21T23:15:00Z,2026-07-21T03:04:10.114233647Z,1540,hs_resp_bytes,telemetry_handshake,1.1.0-SR-ASCON128,Kyber768,DCB4D90B5258
,_result,5,2026-07-20T23:00:00Z,2026-07-21T23:15:00Z,2026-07-21T04:04:13.771841873Z,1540,hs_resp_bytes,telemetry_handshake,1.1.0-SR-ASCON128,Kyber768,DCB4D90B5258
,_result,5,2026-07-20T23:00:00Z,2026-07-21T23:15:00Z,2026-07-21T04:04:13.862393881Z,1540,hs_resp_bytes,telemetry_handshake,1.1.0-SR-ASCON128,Kyber768,DCB4D90B5258
,_result,5,2026-07-20T23:00:00Z,2026-07-21T23:15:00Z,2026-07-21T05:04:17.852911526Z,1540,hs_resp_bytes,telemetry_handshake,1.1.0-SR-ASCON128,Kyber768,DCB4D90B5258
,_result,5,2026-07-20T23:00:00Z,2026-07-21T23:15:00Z,2026-07-21T05:04:19.934839249Z,1540,hs_resp_bytes,telemetry_handshake,1.1.0-SR-ASCON128,Kyber768,DCB4D90B5258
,_result,5,2026-07-20T23:00:00Z,2026-07-21T23:15:00Z,2026-07-21T07:04:18.810673689Z,1540,hs_resp_bytes,telemetry_handshake,1.1.0-SR-ASCON128,Kyber768,DCB4D90B5258
,_result,5,2026-07-20T23:00:00Z,2026-07-21T23:15:00Z,2026-07-21T07:04:18.828596781Z,1540,hs_resp_bytes,telemetry_handshake,1.1.0-SR-ASCON128,Kyber768,DCB4D90B5258
,_result,5,2026-07-20T23:00:00Z,2026-07-21T23:15:00Z,2026-07-21T08:04:19.525633089Z,1540,hs_resp_bytes,telemetry_handshake,1.1.0-SR-ASCON128,Kyber768,DCB4D90B5258
,_result,5,2026-07-20T23:00:00Z,2026-07-21T23:15:00Z,2026-07-21T08:04:19.544382445Z,1540,hs_resp_bytes,telemetry_handshake,1.1.0-SR-ASCON128,Kyber768,DCB4D90B5258
,_result,5,2026-07-20T23:00:00Z,2026-07-21T23:15:00Z,2026-07-21T09:04:20.308153759Z,1540,hs_resp_bytes,telemetry_handshake,1.1.0-SR-ASCON128,Kyber768,DCB4D90B5258
,_result,5,2026-07-20T23:00:00Z,2026-07-21T23:15:00Z,2026-07-21T09:04:20.33311187Z,1540,hs_resp_bytes,telemetry_handshake,1.1.0-SR-ASCON128,Kyber768,DCB4D90B5258
,_result,5,2026-07-20T23:00:00Z,2026-07-21T23:15:00Z,2026-07-21T10:04:21.220830589Z,1540,hs_resp_bytes,telemetry_handshake,1.1.0-SR-ASCON128,Kyber768,DCB4D90B5258
,_result,5,2026-07-20T23:00:00Z,2026-07-21T23:15:00Z,2026-07-21T10:04:21.24347209Z,1540,hs_resp_bytes,telemetry_handshake,1.1.0-SR-ASCON128,Kyber768,DCB4D90B5258
,_result,5,2026-07-20T23:00:00Z,2026-07-21T23:15:00Z,2026-07-21T11:04:21.91859334Z,1540,hs_resp_bytes,telemetry_handshake,1.1.0-SR-ASCON128,Kyber768,DCB4D90B5258
,_result,5,2026-07-20T23:00:00Z,2026-07-21T23:15:00Z,2026-07-21T11:04:21.942521074Z,1540,hs_resp_bytes,telemetry_handshake,1.1.0-SR-ASCON128,Kyber768,DCB4D90B5258
,_result,5,2026-07-20T23:00:00Z,2026-07-21T23:15:00Z,2026-07-21T12:04:22.81897051Z,1540,hs_resp_bytes,telemetry_handshake,1.1.0-SR-ASCON128,Kyber768,DCB4D90B5258
,_result,5,2026-07-20T23:00:00Z,2026-07-21T23:15:00Z,2026-07-21T12:04:22.839560558Z,1540,hs_resp_bytes,telemetry_handshake,1.1.0-SR-ASCON128,Kyber768,DCB4D90B5258
,_result,5,2026-07-20T23:00:00Z,2026-07-21T23:15:00Z,2026-07-21T13:04:23.446082141Z,1540,hs_resp_bytes,telemetry_handshake,1.1.0-SR-ASCON128,Kyber768,DCB4D90B5258
,_result,5,2026-07-20T23:00:00Z,2026-07-21T23:15:00Z,2026-07-21T13:04:23.464898989Z,1540,hs_resp_bytes,telemetry_handshake,1.1.0-SR-ASCON128,Kyber768,DCB4D90B5258
,_result,5,2026-07-20T23:00:00Z,2026-07-21T23:15:00Z,2026-07-21T14:04:24.186942704Z,1540,hs_resp_bytes,telemetry_handshake,1.1.0-SR-ASCON128,Kyber768,DCB4D90B5258
,_result,5,2026-07-20T23:00:00Z,2026-07-21T23:15:00Z,2026-07-21T14:04:24.211274308Z,1540,hs_resp_bytes,telemetry_handshake,1.1.0-SR-ASCON128,Kyber768,DCB4D90B5258
,_result,5,2026-07-20T23:00:00Z,2026-07-21T23:15:00Z,2026-07-21T15:04:24.83997608Z,1540,hs_resp_bytes,telemetry_handshake,1.1.0-SR-ASCON128,Kyber768,DCB4D90B5258
,_result,5,2026-07-20T23:00:00Z,2026-07-21T23:15:00Z,2026-07-21T15:04:24.861235102Z,1540,hs_resp_bytes,telemetry_handshake,1.1.0-SR-ASCON128,Kyber768,DCB4D90B5258
,_result,5,2026-07-20T23:00:00Z,2026-07-21T23:15:00Z,2026-07-21T16:04:25.615322162Z,1540,hs_resp_bytes,telemetry_handshake,1.1.0-SR-ASCON128,Kyber768,DCB4D90B5258
,_result,5,2026-07-20T23:00:00Z,2026-07-21T23:15:00Z,2026-07-21T16:04:25.64104182Z,1540,hs_resp_bytes,telemetry_handshake,1.1.0-SR-ASCON128,Kyber768,DCB4D90B5258
,_result,5,2026-07-20T23:00:00Z,2026-07-21T23:15:00Z,2026-07-21T19:47:37.967417082Z,1540,hs_resp_bytes,telemetry_handshake,1.1.0-SR-ASCON128,Kyber768,DCB4D90B5258
,_result,5,2026-07-20T23:00:00Z,2026-07-21T23:15:00Z,2026-07-21T19:47:37.993980511Z,1540,hs_resp_bytes,telemetry_handshake,1.1.0-SR-ASCON128,Kyber768,DCB4D90B5258
,_result,5,2026-07-20T23:00:00Z,2026-07-21T23:15:00Z,2026-07-21T20:47:39.012713782Z,1540,hs_resp_bytes,telemetry_handshake,1.1.0-SR-ASCON128,Kyber768,DCB4D90B5258
,_result,5,2026-07-20T23:00:00Z,2026-07-21T23:15:00Z,2026-07-21T20:47:39.038233397Z,1540,hs_resp_bytes,telemetry_handshake,1.1.0-SR-ASCON128,Kyber768,DCB4D90B5258
,_result,5,2026-07-20T23:00:00Z,2026-07-21T23:15:00Z,2026-07-21T21:47:38.680901613Z,1540,hs_resp_bytes,telemetry_handshake,1.1.0-SR-ASCON128,Kyber768,DCB4D90B5258
,_result,5,2026-07-20T23:00:00Z,2026-07-21T23:15:00Z,2026-07-21T21:47:38.706630105Z,1540,hs_resp_bytes,telemetry_handshake,1.1.0-SR-ASCON128,Kyber768,DCB4D90B5258
,_result,5,2026-07-20T23:00:00Z,2026-07-21T23:15:00Z,2026-07-21T22:47:39.053681577Z,1540,hs_resp_bytes,telemetry_handshake,1.1.0-SR-ASCON128,Kyber768,DCB4D90B5258
,_result,5,2026-07-20T23:00:00Z,2026-07-21T23:15:00Z,2026-07-21T22:47:39.076165481Z,1540,hs_resp_bytes,telemetry_handshake,1.1.0-SR-ASCON128,Kyber768,DCB4D90B5258
,_result,6,2026-07-20T23:00:00Z,2026-07-21T23:15:00Z,2026-07-20T23:04:08.079841258Z,962,hs_latency_ms,telemetry_handshake,1.1.0-TS-ASCON128,Kyber768,CC8DA20CDB50
,_result,6,2026-07-20T23:00:00Z,2026-07-21T23:15:00Z,2026-07-20T23:04:08.099177086Z,962,hs_latency_ms,telemetry_handshake,1.1.0-TS-ASCON128,Kyber768,CC8DA20CDB50
,_result,6,2026-07-20T23:00:00Z,2026-07-21T23:15:00Z,2026-07-21T00:04:11.403630126Z,887,hs_latency_ms,telemetry_handshake,1.1.0-TS-ASCON128,Kyber768,CC8DA20CDB50
,_result,6,2026-07-20T23:00:00Z,2026-07-21T23:15:00Z,2026-07-21T00:04:11.42553361Z,887,hs_latency_ms,telemetry_handshake,1.1.0-TS-ASCON128,Kyber768,CC8DA20CDB50
,_result,6,2026-07-20T23:00:00Z,2026-07-21T23:15:00Z,2026-07-21T01:04:09.565864197Z,764,hs_latency_ms,telemetry_handshake,1.1.0-TS-ASCON128,Kyber768,CC8DA20CDB50
,_result,6,2026-07-20T23:00:00Z,2026-07-21T23:15:00Z,2026-07-21T01:04:09.590121119Z,764,hs_latency_ms,telemetry_handshake,1.1.0-TS-ASCON128,Kyber768,CC8DA20CDB50
,_result,6,2026-07-20T23:00:00Z,2026-07-21T23:15:00Z,2026-07-21T02:04:11.321951926Z,530,hs_latency_ms,telemetry_handshake,1.1.0-TS-ASCON128,Kyber768,CC8DA20CDB50
,_result,6,2026-07-20T23:00:00Z,2026-07-21T23:15:00Z,2026-07-21T02:04:11.463025494Z,530,hs_latency_ms,telemetry_handshake,1.1.0-TS-ASCON128,Kyber768,CC8DA20CDB50
,_result,6,2026-07-20T23:00:00Z,2026-07-21T23:15:00Z,2026-07-21T03:04:11.710953859Z,963,hs_latency_ms,telemetry_handshake,1.1.0-TS-ASCON128,Kyber768,CC8DA20CDB50
,_result,6,2026-07-20T23:00:00Z,2026-07-21T23:15:00Z,2026-07-21T03:04:11.732479099Z,963,hs_latency_ms,telemetry_handshake,1.1.0-TS-ASCON128,Kyber768,CC8DA20CDB50
,_result,6,2026-07-20T23:00:00Z,2026-07-21T23:15:00Z,2026-07-21T04:04:14.292822215Z,2743,hs_latency_ms,telemetry_handshake,1.1.0-TS-ASCON128,Kyber768,CC8DA20CDB50
,_result,6,2026-07-20T23:00:00Z,2026-07-21T23:15:00Z,2026-07-21T04:04:14.317567346Z,2743,hs_latency_ms,telemetry_handshake,1.1.0-TS-ASCON128,Kyber768,CC8DA20CDB50
,_result,6,2026-07-20T23:00:00Z,2026-07-21T23:15:00Z,2026-07-21T05:04:15.305723249Z,1849,hs_latency_ms,telemetry_handshake,1.1.0-TS-ASCON128,Kyber768,CC8DA20CDB50
,_result,6,2026-07-20T23:00:00Z,2026-07-21T23:15:00Z,2026-07-21T05:04:15.343173173Z,1849,hs_latency_ms,telemetry_handshake,1.1.0-TS-ASCON128,Kyber768,CC8DA20CDB50
,_result,6,2026-07-20T23:00:00Z,2026-07-21T23:15:00Z,2026-07-21T07:04:18.271833691Z,705,hs_latency_ms,telemetry_handshake,1.1.0-TS-ASCON128,Kyber768,CC8DA20CDB50
,_result,6,2026-07-20T23:00:00Z,2026-07-21T23:15:00Z,2026-07-21T07:04:18.296964905Z,705,hs_latency_ms,telemetry_handshake,1.1.0-TS-ASCON128,Kyber768,CC8DA20CDB50
,_result,6,2026-07-20T23:00:00Z,2026-07-21T23:15:00Z,2026-07-21T08:04:19.011207576Z,909,hs_latency_ms,telemetry_handshake,1.1.0-TS-ASCON128,Kyber768,CC8DA20CDB50
,_result,6,2026-07-20T23:00:00Z,2026-07-21T23:15:00Z,2026-07-21T08:04:19.032975255Z,909,hs_latency_ms,telemetry_handshake,1.1.0-TS-ASCON128,Kyber768,CC8DA20CDB50
,_result,6,2026-07-20T23:00:00Z,2026-07-21T23:15:00Z,2026-07-21T09:04:19.987333141Z,733,hs_latency_ms,telemetry_handshake,1.1.0-TS-ASCON128,Kyber768,CC8DA20CDB50
,_result,6,2026-07-20T23:00:00Z,2026-07-21T23:15:00Z,2026-07-21T09:04:20.011166791Z,733,hs_latency_ms,telemetry_handshake,1.1.0-TS-ASCON128,Kyber768,CC8DA20CDB50
,_result,6,2026-07-20T23:00:00Z,2026-07-21T23:15:00Z,2026-07-21T10:04:20.115547384Z,699,hs_latency_ms,telemetry_handshake,1.1.0-TS-ASCON128,Kyber768,CC8DA20CDB50
,_result,6,2026-07-20T23:00:00Z,2026-07-21T23:15:00Z,2026-07-21T10:04:20.137062458Z,699,hs_latency_ms,telemetry_handshake,1.1.0-TS-ASCON128,Kyber768,CC8DA20CDB50
,_result,6,2026-07-20T23:00:00Z,2026-07-21T23:15:00Z,2026-07-21T11:04:21.119380156Z,703,hs_latency_ms,telemetry_handshake,1.1.0-TS-ASCON128,Kyber768,CC8DA20CDB50
,_result,6,2026-07-20T23:00:00Z,2026-07-21T23:15:00Z,2026-07-21T11:04:21.144112305Z,703,hs_latency_ms,telemetry_handshake,1.1.0-TS-ASCON128,Kyber768,CC8DA20CDB50
,_result,6,2026-07-20T23:00:00Z,2026-07-21T23:15:00Z,2026-07-21T12:04:21.824479921Z,977,hs_latency_ms,telemetry_handshake,1.1.0-TS-ASCON128,Kyber768,CC8DA20CDB50
,_result,6,2026-07-20T23:00:00Z,2026-07-21T23:15:00Z,2026-07-21T12:04:21.854697697Z,977,hs_latency_ms,telemetry_handshake,1.1.0-TS-ASCON128,Kyber768,CC8DA20CDB50
,_result,6,2026-07-20T23:00:00Z,2026-07-21T23:15:00Z,2026-07-21T13:04:22.228916581Z,811,hs_latency_ms,telemetry_handshake,1.1.0-TS-ASCON128,Kyber768,CC8DA20CDB50
,_result,6,2026-07-20T23:00:00Z,2026-07-21T23:15:00Z,2026-07-21T13:04:22.249519086Z,811,hs_latency_ms,telemetry_handshake,1.1.0-TS-ASCON128,Kyber768,CC8DA20CDB50
,_result,6,2026-07-20T23:00:00Z,2026-07-21T23:15:00Z,2026-07-21T14:04:23.242888243Z,817,hs_latency_ms,telemetry_handshake,1.1.0-TS-ASCON128,Kyber768,CC8DA20CDB50
,_result,6,2026-07-20T23:00:00Z,2026-07-21T23:15:00Z,2026-07-21T14:04:23.26929841Z,817,hs_latency_ms,telemetry_handshake,1.1.0-TS-ASCON128,Kyber768,CC8DA20CDB50
,_result,6,2026-07-20T23:00:00Z,2026-07-21T23:15:00Z,2026-07-21T15:04:23.578863058Z,721,hs_latency_ms,telemetry_handshake,1.1.0-TS-ASCON128,Kyber768,CC8DA20CDB50
,_result,6,2026-07-20T23:00:00Z,2026-07-21T23:15:00Z,2026-07-21T15:04:23.602767747Z,721,hs_latency_ms,telemetry_handshake,1.1.0-TS-ASCON128,Kyber768,CC8DA20CDB50
,_result,6,2026-07-20T23:00:00Z,2026-07-21T23:15:00Z,2026-07-21T16:04:24.387931286Z,859,hs_latency_ms,telemetry_handshake,1.1.0-TS-ASCON128,Kyber768,CC8DA20CDB50
,_result,6,2026-07-20T23:00:00Z,2026-07-21T23:15:00Z,2026-07-21T16:04:24.412447092Z,859,hs_latency_ms,telemetry_handshake,1.1.0-TS-ASCON128,Kyber768,CC8DA20CDB50
,_result,6,2026-07-20T23:00:00Z,2026-07-21T23:15:00Z,2026-07-21T19:47:37.763373859Z,1068,hs_latency_ms,telemetry_handshake,1.1.0-TS-ASCON128,Kyber768,CC8DA20CDB50
,_result,6,2026-07-20T23:00:00Z,2026-07-21T23:15:00Z,2026-07-21T19:47:37.787624239Z,1068,hs_latency_ms,telemetry_handshake,1.1.0-TS-ASCON128,Kyber768,CC8DA20CDB50
,_result,6,2026-07-20T23:00:00Z,2026-07-21T23:15:00Z,2026-07-21T20:47:38.532230388Z,781,hs_latency_ms,telemetry_handshake,1.1.0-TS-ASCON128,Kyber768,CC8DA20CDB50
,_result,6,2026-07-20T23:00:00Z,2026-07-21T23:15:00Z,2026-07-21T20:47:38.554137869Z,781,hs_latency_ms,telemetry_handshake,1.1.0-TS-ASCON128,Kyber768,CC8DA20CDB50
,_result,6,2026-07-20T23:00:00Z,2026-07-21T23:15:00Z,2026-07-21T21:47:38.533390082Z,908,hs_latency_ms,telemetry_handshake,1.1.0-TS-ASCON128,Kyber768,CC8DA20CDB50
,_result,6,2026-07-20T23:00:00Z,2026-07-21T23:15:00Z,2026-07-21T21:47:38.555090279Z,908,hs_latency_ms,telemetry_handshake,1.1.0-TS-ASCON128,Kyber768,CC8DA20CDB50
,_result,6,2026-07-20T23:00:00Z,2026-07-21T23:15:00Z,2026-07-21T22:47:39.458932422Z,3586,hs_latency_ms,telemetry_handshake,1.1.0-TS-ASCON128,Kyber768,CC8DA20CDB50
,_result,6,2026-07-20T23:00:00Z,2026-07-21T23:15:00Z,2026-07-21T22:47:39.480496838Z,3586,hs_latency_ms,telemetry_handshake,1.1.0-TS-ASCON128,Kyber768,CC8DA20CDB50
,_result,7,2026-07-20T23:00:00Z,2026-07-21T23:15:00Z,2026-07-20T23:04:08.079841258Z,26,hs_req_bytes,telemetry_handshake,1.1.0-TS-ASCON128,Kyber768,CC8DA20CDB50
,_result,7,2026-07-20T23:00:00Z,2026-07-21T23:15:00Z,2026-07-20T23:04:08.099177086Z,26,hs_req_bytes,telemetry_handshake,1.1.0-TS-ASCON128,Kyber768,CC8DA20CDB50
,_result,7,2026-07-20T23:00:00Z,2026-07-21T23:15:00Z,2026-07-21T00:04:11.403630126Z,26,hs_req_bytes,telemetry_handshake,1.1.0-TS-ASCON128,Kyber768,CC8DA20CDB50
,_result,7,2026-07-20T23:00:00Z,2026-07-21T23:15:00Z,2026-07-21T00:04:11.42553361Z,26,hs_req_bytes,telemetry_handshake,1.1.0-TS-ASCON128,Kyber768,CC8DA20CDB50
,_result,7,2026-07-20T23:00:00Z,2026-07-21T23:15:00Z,2026-07-21T01:04:09.565864197Z,26,hs_req_bytes,telemetry_handshake,1.1.0-TS-ASCON128,Kyber768,CC8DA20CDB50
,_result,7,2026-07-20T23:00:00Z,2026-07-21T23:15:00Z,2026-07-21T01:04:09.590121119Z,26,hs_req_bytes,telemetry_handshake,1.1.0-TS-ASCON128,Kyber768,CC8DA20CDB50
,_result,7,2026-07-20T23:00:00Z,2026-07-21T23:15:00Z,2026-07-21T02:04:11.321951926Z,26,hs_req_bytes,telemetry_handshake,1.1.0-TS-ASCON128,Kyber768,CC8DA20CDB50
,_result,7,2026-07-20T23:00:00Z,2026-07-21T23:15:00Z,2026-07-21T02:04:11.463025494Z,26,hs_req_bytes,telemetry_handshake,1.1.0-TS-ASCON128,Kyber768,CC8DA20CDB50
,_result,7,2026-07-20T23:00:00Z,2026-07-21T23:15:00Z,2026-07-21T03:04:11.710953859Z,26,hs_req_bytes,telemetry_handshake,1.1.0-TS-ASCON128,Kyber768,CC8DA20CDB50
,_result,7,2026-07-20T23:00:00Z,2026-07-21T23:15:00Z,2026-07-21T03:04:11.732479099Z,26,hs_req_bytes,telemetry_handshake,1.1.0-TS-ASCON128,Kyber768,CC8DA20CDB50
,_result,7,2026-07-20T23:00:00Z,2026-07-21T23:15:00Z,2026-07-21T04:04:14.292822215Z,26,hs_req_bytes,telemetry_handshake,1.1.0-TS-ASCON128,Kyber768,CC8DA20CDB50
,_result,7,2026-07-20T23:00:00Z,2026-07-21T23:15:00Z,2026-07-21T04:04:14.317567346Z,26,hs_req_bytes,telemetry_handshake,1.1.0-TS-ASCON128,Kyber768,CC8DA20CDB50
,_result,7,2026-07-20T23:00:00Z,2026-07-21T23:15:00Z,2026-07-21T05:04:15.305723249Z,26,hs_req_bytes,telemetry_handshake,1.1.0-TS-ASCON128,Kyber768,CC8DA20CDB50
,_result,7,2026-07-20T23:00:00Z,2026-07-21T23:15:00Z,2026-07-21T05:04:15.343173173Z,26,hs_req_bytes,telemetry_handshake,1.1.0-TS-ASCON128,Kyber768,CC8DA20CDB50
,_result,7,2026-07-20T23:00:00Z,2026-07-21T23:15:00Z,2026-07-21T07:04:18.271833691Z,26,hs_req_bytes,telemetry_handshake,1.1.0-TS-ASCON128,Kyber768,CC8DA20CDB50
,_result,7,2026-07-20T23:00:00Z,2026-07-21T23:15:00Z,2026-07-21T07:04:18.296964905Z,26,hs_req_bytes,telemetry_handshake,1.1.0-TS-ASCON128,Kyber768,CC8DA20CDB50
,_result,7,2026-07-20T23:00:00Z,2026-07-21T23:15:00Z,2026-07-21T08:04:19.011207576Z,26,hs_req_bytes,telemetry_handshake,1.1.0-TS-ASCON128,Kyber768,CC8DA20CDB50
,_result,7,2026-07-20T23:00:00Z,2026-07-21T23:15:00Z,2026-07-21T08:04:19.032975255Z,26,hs_req_bytes,telemetry_handshake,1.1.0-TS-ASCON128,Kyber768,CC8DA20CDB50
,_result,7,2026-07-20T23:00:00Z,2026-07-21T23:15:00Z,2026-07-21T09:04:19.987333141Z,26,hs_req_bytes,telemetry_handshake,1.1.0-TS-ASCON128,Kyber768,CC8DA20CDB50
,_result,7,2026-07-20T23:00:00Z,2026-07-21T23:15:00Z,2026-07-21T09:04:20.011166791Z,26,hs_req_bytes,telemetry_handshake,1.1.0-TS-ASCON128,Kyber768,CC8DA20CDB50
,_result,7,2026-07-20T23:00:00Z,2026-07-21T23:15:00Z,2026-07-21T10:04:20.115547384Z,26,hs_req_bytes,telemetry_handshake,1.1.0-TS-ASCON128,Kyber768,CC8DA20CDB50
,_result,7,2026-07-20T23:00:00Z,2026-07-21T23:15:00Z,2026-07-21T10:04:20.137062458Z,26,hs_req_bytes,telemetry_handshake,1.1.0-TS-ASCON128,Kyber768,CC8DA20CDB50
,_result,7,2026-07-20T23:00:00Z,2026-07-21T23:15:00Z,2026-07-21T11:04:21.119380156Z,26,hs_req_bytes,telemetry_handshake,1.1.0-TS-ASCON128,Kyber768,CC8DA20CDB50
,_result,7,2026-07-20T23:00:00Z,2026-07-21T23:15:00Z,2026-07-21T11:04:21.144112305Z,26,hs_req_bytes,telemetry_handshake,1.1.0-TS-ASCON128,Kyber768,CC8DA20CDB50
,_result,7,2026-07-20T23:00:00Z,2026-07-21T23:15:00Z,2026-07-21T12:04:21.824479921Z,26,hs_req_bytes,telemetry_handshake,1.1.0-TS-ASCON128,Kyber768,CC8DA20CDB50
,_result,7,2026-07-20T23:00:00Z,2026-07-21T23:15:00Z,2026-07-21T12:04:21.854697697Z,26,hs_req_bytes,telemetry_handshake,1.1.0-TS-ASCON128,Kyber768,CC8DA20CDB50
,_result,7,2026-07-20T23:00:00Z,2026-07-21T23:15:00Z,2026-07-21T13:04:22.228916581Z,26,hs_req_bytes,telemetry_handshake,1.1.0-TS-ASCON128,Kyber768,CC8DA20CDB50
,_result,7,2026-07-20T23:00:00Z,2026-07-21T23:15:00Z,2026-07-21T13:04:22.249519086Z,26,hs_req_bytes,telemetry_handshake,1.1.0-TS-ASCON128,Kyber768,CC8DA20CDB50
,_result,7,2026-07-20T23:00:00Z,2026-07-21T23:15:00Z,2026-07-21T14:04:23.242888243Z,26,hs_req_bytes,telemetry_handshake,1.1.0-TS-ASCON128,Kyber768,CC8DA20CDB50
,_result,7,2026-07-20T23:00:00Z,2026-07-21T23:15:00Z,2026-07-21T14:04:23.26929841Z,26,hs_req_bytes,telemetry_handshake,1.1.0-TS-ASCON128,Kyber768,CC8DA20CDB50
,_result,7,2026-07-20T23:00:00Z,2026-07-21T23:15:00Z,2026-07-21T15:04:23.578863058Z,26,hs_req_bytes,telemetry_handshake,1.1.0-TS-ASCON128,Kyber768,CC8DA20CDB50
,_result,7,2026-07-20T23:00:00Z,2026-07-21T23:15:00Z,2026-07-21T15:04:23.602767747Z,26,hs_req_bytes,telemetry_handshake,1.1.0-TS-ASCON128,Kyber768,CC8DA20CDB50
,_result,7,2026-07-20T23:00:00Z,2026-07-21T23:15:00Z,2026-07-21T16:04:24.387931286Z,26,hs_req_bytes,telemetry_handshake,1.1.0-TS-ASCON128,Kyber768,CC8DA20CDB50
,_result,7,2026-07-20T23:00:00Z,2026-07-21T23:15:00Z,2026-07-21T16:04:24.412447092Z,26,hs_req_bytes,telemetry_handshake,1.1.0-TS-ASCON128,Kyber768,CC8DA20CDB50
,_result,7,2026-07-20T23:00:00Z,2026-07-21T23:15:00Z,2026-07-21T19:47:37.763373859Z,26,hs_req_bytes,telemetry_handshake,1.1.0-TS-ASCON128,Kyber768,CC8DA20CDB50
,_result,7,2026-07-20T23:00:00Z,2026-07-21T23:15:00Z,2026-07-21T19:47:37.787624239Z,26,hs_req_bytes,telemetry_handshake,1.1.0-TS-ASCON128,Kyber768,CC8DA20CDB50
,_result,7,2026-07-20T23:00:00Z,2026-07-21T23:15:00Z,2026-07-21T20:47:38.532230388Z,26,hs_req_bytes,telemetry_handshake,1.1.0-TS-ASCON128,Kyber768,CC8DA20CDB50
,_result,7,2026-07-20T23:00:00Z,2026-07-21T23:15:00Z,2026-07-21T20:47:38.554137869Z,26,hs_req_bytes,telemetry_handshake,1.1.0-TS-ASCON128,Kyber768,CC8DA20CDB50
,_result,7,2026-07-20T23:00:00Z,2026-07-21T23:15:00Z,2026-07-21T21:47:38.533390082Z,26,hs_req_bytes,telemetry_handshake,1.1.0-TS-ASCON128,Kyber768,CC8DA20CDB50
,_result,7,2026-07-20T23:00:00Z,2026-07-21T23:15:00Z,2026-07-21T21:47:38.555090279Z,26,hs_req_bytes,telemetry_handshake,1.1.0-TS-ASCON128,Kyber768,CC8DA20CDB50
,_result,7,2026-07-20T23:00:00Z,2026-07-21T23:15:00Z,2026-07-21T22:47:39.458932422Z,26,hs_req_bytes,telemetry_handshake,1.1.0-TS-ASCON128,Kyber768,CC8DA20CDB50
,_result,7,2026-07-20T23:00:00Z,2026-07-21T23:15:00Z,2026-07-21T22:47:39.480496838Z,26,hs_req_bytes,telemetry_handshake,1.1.0-TS-ASCON128,Kyber768,CC8DA20CDB50
,_result,8,2026-07-20T23:00:00Z,2026-07-21T23:15:00Z,2026-07-20T23:04:08.079841258Z,1540,hs_resp_bytes,telemetry_handshake,1.1.0-TS-ASCON128,Kyber768,CC8DA20CDB50
,_result,8,2026-07-20T23:00:00Z,2026-07-21T23:15:00Z,2026-07-20T23:04:08.099177086Z,1540,hs_resp_bytes,telemetry_handshake,1.1.0-TS-ASCON128,Kyber768,CC8DA20CDB50
,_result,8,2026-07-20T23:00:00Z,2026-07-21T23:15:00Z,2026-07-21T00:04:11.403630126Z,1540,hs_resp_bytes,telemetry_handshake,1.1.0-TS-ASCON128,Kyber768,CC8DA20CDB50
,_result,8,2026-07-20T23:00:00Z,2026-07-21T23:15:00Z,2026-07-21T00:04:11.42553361Z,1540,hs_resp_bytes,telemetry_handshake,1.1.0-TS-ASCON128,Kyber768,CC8DA20CDB50
,_result,8,2026-07-20T23:00:00Z,2026-07-21T23:15:00Z,2026-07-21T01:04:09.565864197Z,1540,hs_resp_bytes,telemetry_handshake,1.1.0-TS-ASCON128,Kyber768,CC8DA20CDB50
,_result,8,2026-07-20T23:00:00Z,2026-07-21T23:15:00Z,2026-07-21T01:04:09.590121119Z,1540,hs_resp_bytes,telemetry_handshake,1.1.0-TS-ASCON128,Kyber768,CC8DA20CDB50
,_result,8,2026-07-20T23:00:00Z,2026-07-21T23:15:00Z,2026-07-21T02:04:11.321951926Z,1540,hs_resp_bytes,telemetry_handshake,1.1.0-TS-ASCON128,Kyber768,CC8DA20CDB50
,_result,8,2026-07-20T23:00:00Z,2026-07-21T23:15:00Z,2026-07-21T02:04:11.463025494Z,1540,hs_resp_bytes,telemetry_handshake,1.1.0-TS-ASCON128,Kyber768,CC8DA20CDB50
,_result,8,2026-07-20T23:00:00Z,2026-07-21T23:15:00Z,2026-07-21T03:04:11.710953859Z,1540,hs_resp_bytes,telemetry_handshake,1.1.0-TS-ASCON128,Kyber768,CC8DA20CDB50
,_result,8,2026-07-20T23:00:00Z,2026-07-21T23:15:00Z,2026-07-21T03:04:11.732479099Z,1540,hs_resp_bytes,telemetry_handshake,1.1.0-TS-ASCON128,Kyber768,CC8DA20CDB50
,_result,8,2026-07-20T23:00:00Z,2026-07-21T23:15:00Z,2026-07-21T04:04:14.292822215Z,1540,hs_resp_bytes,telemetry_handshake,1.1.0-TS-ASCON128,Kyber768,CC8DA20CDB50
,_result,8,2026-07-20T23:00:00Z,2026-07-21T23:15:00Z,2026-07-21T04:04:14.317567346Z,1540,hs_resp_bytes,telemetry_handshake,1.1.0-TS-ASCON128,Kyber768,CC8DA20CDB50
,_result,8,2026-07-20T23:00:00Z,2026-07-21T23:15:00Z,2026-07-21T05:04:15.305723249Z,1540,hs_resp_bytes,telemetry_handshake,1.1.0-TS-ASCON128,Kyber768,CC8DA20CDB50
,_result,8,2026-07-20T23:00:00Z,2026-07-21T23:15:00Z,2026-07-21T05:04:15.343173173Z,1540,hs_resp_bytes,telemetry_handshake,1.1.0-TS-ASCON128,Kyber768,CC8DA20CDB50
,_result,8,2026-07-20T23:00:00Z,2026-07-21T23:15:00Z,2026-07-21T07:04:18.271833691Z,1540,hs_resp_bytes,telemetry_handshake,1.1.0-TS-ASCON128,Kyber768,CC8DA20CDB50
,_result,8,2026-07-20T23:00:00Z,2026-07-21T23:15:00Z,2026-07-21T07:04:18.296964905Z,1540,hs_resp_bytes,telemetry_handshake,1.1.0-TS-ASCON128,Kyber768,CC8DA20CDB50
,_result,8,2026-07-20T23:00:00Z,2026-07-21T23:15:00Z,2026-07-21T08:04:19.011207576Z,1540,hs_resp_bytes,telemetry_handshake,1.1.0-TS-ASCON128,Kyber768,CC8DA20CDB50
,_result,8,2026-07-20T23:00:00Z,2026-07-21T23:15:00Z,2026-07-21T08:04:19.032975255Z,1540,hs_resp_bytes,telemetry_handshake,1.1.0-TS-ASCON128,Kyber768,CC8DA20CDB50
,_result,8,2026-07-20T23:00:00Z,2026-07-21T23:15:00Z,2026-07-21T09:04:19.987333141Z,1540,hs_resp_bytes,telemetry_handshake,1.1.0-TS-ASCON128,Kyber768,CC8DA20CDB50
,_result,8,2026-07-20T23:00:00Z,2026-07-21T23:15:00Z,2026-07-21T09:04:20.011166791Z,1540,hs_resp_bytes,telemetry_handshake,1.1.0-TS-ASCON128,Kyber768,CC8DA20CDB50
,_result,8,2026-07-20T23:00:00Z,2026-07-21T23:15:00Z,2026-07-21T10:04:20.115547384Z,1540,hs_resp_bytes,telemetry_handshake,1.1.0-TS-ASCON128,Kyber768,CC8DA20CDB50
,_result,8,2026-07-20T23:00:00Z,2026-07-21T23:15:00Z,2026-07-21T10:04:20.137062458Z,1540,hs_resp_bytes,telemetry_handshake,1.1.0-TS-ASCON128,Kyber768,CC8DA20CDB50
,_result,8,2026-07-20T23:00:00Z,2026-07-21T23:15:00Z,2026-07-21T11:04:21.119380156Z,1540,hs_resp_bytes,telemetry_handshake,1.1.0-TS-ASCON128,Kyber768,CC8DA20CDB50
,_result,8,2026-07-20T23:00:00Z,2026-07-21T23:15:00Z,2026-07-21T11:04:21.144112305Z,1540,hs_resp_bytes,telemetry_handshake,1.1.0-TS-ASCON128,Kyber768,CC8DA20CDB50
,_result,8,2026-07-20T23:00:00Z,2026-07-21T23:15:00Z,2026-07-21T12:04:21.824479921Z,1540,hs_resp_bytes,telemetry_handshake,1.1.0-TS-ASCON128,Kyber768,CC8DA20CDB50
,_result,8,2026-07-20T23:00:00Z,2026-07-21T23:15:00Z,2026-07-21T12:04:21.854697697Z,1540,hs_resp_bytes,telemetry_handshake,1.1.0-TS-ASCON128,Kyber768,CC8DA20CDB50
,_result,8,2026-07-20T23:00:00Z,2026-07-21T23:15:00Z,2026-07-21T13:04:22.228916581Z,1540,hs_resp_bytes,telemetry_handshake,1.1.0-TS-ASCON128,Kyber768,CC8DA20CDB50
,_result,8,2026-07-20T23:00:00Z,2026-07-21T23:15:00Z,2026-07-21T13:04:22.249519086Z,1540,hs_resp_bytes,telemetry_handshake,1.1.0-TS-ASCON128,Kyber768,CC8DA20CDB50
,_result,8,2026-07-20T23:00:00Z,2026-07-21T23:15:00Z,2026-07-21T14:04:23.242888243Z,1540,hs_resp_bytes,telemetry_handshake,1.1.0-TS-ASCON128,Kyber768,CC8DA20CDB50
,_result,8,2026-07-20T23:00:00Z,2026-07-21T23:15:00Z,2026-07-21T14:04:23.26929841Z,1540,hs_resp_bytes,telemetry_handshake,1.1.0-TS-ASCON128,Kyber768,CC8DA20CDB50
,_result,8,2026-07-20T23:00:00Z,2026-07-21T23:15:00Z,2026-07-21T15:04:23.578863058Z,1540,hs_resp_bytes,telemetry_handshake,1.1.0-TS-ASCON128,Kyber768,CC8DA20CDB50
,_result,8,2026-07-20T23:00:00Z,2026-07-21T23:15:00Z,2026-07-21T15:04:23.602767747Z,1540,hs_resp_bytes,telemetry_handshake,1.1.0-TS-ASCON128,Kyber768,CC8DA20CDB50
,_result,8,2026-07-20T23:00:00Z,2026-07-21T23:15:00Z,2026-07-21T16:04:24.387931286Z,1540,hs_resp_bytes,telemetry_handshake,1.1.0-TS-ASCON128,Kyber768,CC8DA20CDB50
,_result,8,2026-07-20T23:00:00Z,2026-07-21T23:15:00Z,2026-07-21T16:04:24.412447092Z,1540,hs_resp_bytes,telemetry_handshake,1.1.0-TS-ASCON128,Kyber768,CC8DA20CDB50
,_result,8,2026-07-20T23:00:00Z,2026-07-21T23:15:00Z,2026-07-21T19:47:37.763373859Z,1540,hs_resp_bytes,telemetry_handshake,1.1.0-TS-ASCON128,Kyber768,CC8DA20CDB50
,_result,8,2026-07-20T23:00:00Z,2026-07-21T23:15:00Z,2026-07-21T19:47:37.787624239Z,1540,hs_resp_bytes,telemetry_handshake,1.1.0-TS-ASCON128,Kyber768,CC8DA20CDB50
,_result,8,2026-07-20T23:00:00Z,2026-07-21T23:15:00Z,2026-07-21T20:47:38.532230388Z,1540,hs_resp_bytes,telemetry_handshake,1.1.0-TS-ASCON128,Kyber768,CC8DA20CDB50
,_result,8,2026-07-20T23:00:00Z,2026-07-21T23:15:00Z,2026-07-21T20:47:38.554137869Z,1540,hs_resp_bytes,telemetry_handshake,1.1.0-TS-ASCON128,Kyber768,CC8DA20CDB50
,_result,8,2026-07-20T23:00:00Z,2026-07-21T23:15:00Z,2026-07-21T21:47:38.533390082Z,1540,hs_resp_bytes,telemetry_handshake,1.1.0-TS-ASCON128,Kyber768,CC8DA20CDB50
,_result,8,2026-07-20T23:00:00Z,2026-07-21T23:15:00Z,2026-07-21T21:47:38.555090279Z,1540,hs_resp_bytes,telemetry_handshake,1.1.0-TS-ASCON128,Kyber768,CC8DA20CDB50
,_result,8,2026-07-20T23:00:00Z,2026-07-21T23:15:00Z,2026-07-21T22:47:39.458932422Z,1540,hs_resp_bytes,telemetry_handshake,1.1.0-TS-ASCON128,Kyber768,CC8DA20CDB50
,_result,8,2026-07-20T23:00:00Z,2026-07-21T23:15:00Z,2026-07-21T22:47:39.480496838Z,1540,hs_resp_bytes,telemetry_handshake,1.1.0-TS-ASCON128,Kyber768,CC8DA20CDB50

